<?xml version="1.0" encoding="windows-1252"?>
<Collection name="Collection Exporter" guid="{156B8F61-CEB9-4CD4-A768-C108EDD785DA}" system="No" updatable="Yes" blockNavigatorNode="No">
	<HelpLink></HelpLink>
	<Help></Help>
	<Addon name="Collection Exporter" guid="{F3A59121-80C4-40AE-B8D8-135E658957C6}" type="Tool">
		<Copy></Copy>
		<CopyText></CopyText>
		<ActiveXProgramID></ActiveXProgramID>
		<DotNetClass><![CDATA[Contensive.Addons.aoCollectionExporterClass]]></DotNetClass>
		<ArgumentList></ArgumentList>
		<AsAjax>No</AsAjax>
		<Filter>No</Filter>
		<Help></Help>
		<HelpLink></HelpLink>
		<Icon Link="" width="0" height="0" sprites="0" />
		<InIframe>No</InIframe>
		<BlockEditTools>No</BlockEditTools>
		<FormXML></FormXML>
		<IsInline>No</IsInline>
		<JavascriptOnLoad></JavascriptOnLoad>
		<JavascriptInHead></JavascriptInHead>
		<JavascriptBodyEnd></JavascriptBodyEnd>
		<MetaDescription></MetaDescription>
		<OtherHeadTags></OtherHeadTags>
		<Content>No</Content>
		<Template>No</Template>
		<Email>No</Email>
		<Admin>Yes</Admin>
		<OnPageEndEvent>No</OnPageEndEvent>
		<OnPageStartEvent>No</OnPageStartEvent>
		<OnBodyStart>No</OnBodyStart>
		<OnBodyEnd>No</OnBodyEnd>
		<RemoteMethod>No</RemoteMethod>
		<ProcessRunOnce>No</ProcessRunOnce>
		<ProcessInterval>0</ProcessInterval>
		<PageTitle></PageTitle>
		<RemoteAssetLink></RemoteAssetLink>
		<Styles><![CDATA[

		.collectionExport{
			padding-top:20px;
		}
		.collectionExport .mainForm {
			width:300px;
			color: #444;
			background-color:#fee;
			padding:10px;
			border:1px solid #444;
			margin-right:auto;
			margin-left:auto;
		}
		.collectionExport .responseForm {
			width:300px;
			color: #444;
			background-color:#fee;
			padding:10px;
			border:1px solid #444;
			margin-right:auto;
			margin-left:auto;
		}
		.collectionExport{
			padding-top:20px;
		}
		.collectionExport .mainForm {
			width:300px;
			color: #444;
			background-color:#fee;
			padding:10px;
			border:1px solid #444;
			margin-right:auto;
			margin-left:auto;
		}
		.collectionExport .responseForm {
			width:300px;
			color: #444;
			background-color:#fee;
			padding:10px;
			border:1px solid #444;
			margin-right:auto;
			margin-left:auto;
		}
		.collectionExport{
			padding-top:20px;
		}
		.collectionExport .mainForm {
			width:300px;
			color: #444;
			background-color:#fee;
			padding:10px;
			border:1px solid #444;
			margin-right:auto;
			margin-left:auto;
		}
		.collectionExport .responseForm {
			width:300px;
			color: #444;
			background-color:#fee;
			padding:10px;
			border:1px solid #444;
			margin-right:auto;
			margin-left:auto;
		}


]]></Styles>
		<Scripting Language="" EntryPoint="" Timeout="5000"/>
	</Addon>
	<Resource name="aocollectionexporter.dll" type="executable" path="" />
	<Resource name="icsharpcode.sharpziplib.dll" type="executable" path="" />
</Collection>